date,mevap,mtransp,mnpp,mrh,mgpp,mfapar,mswc1,met,mnee
1982-01-01,3.0999999046325697,0.000300011510262266,-0.00484663341194391,2.7576262950897203,0.0,1.00303450381034e-05,0.6369674801826479,3.100299916142832,2.7624729285016643
1982-02-01,2.79999995231628,0.000834702688734978,-0.0291156228631735,2.0893738269805904,0.0,0.000151075320900418,0.6369674801826479,2.800834655005015,2.118489449843764
1982-03-01,3.0999999046325697,5.71992359255091e-06,-0.13404770195484197,2.22961664199829,0.0,1.74731994206923e-07,0.6369674801826479,3.1000056245561622,2.363664343953132
1982-04-01,13.6615447998047,6.38644075393677,9.14505195617676,7.03621482849121,15.2086095809937,0.175863415002823,0.625369429588318,20.04798555374147,-2.1088371276855495
1982-05-01,7.57906675338745,43.059597015380895,78.8138046264648,32.8640747070312,122.25993347168001,0.6908026933670041,0.486680597066879,50.638663768768346,-45.9497299194336
1982-06-01,1.98848819732666,35.962741851806605,76.14549255371091,36.5457763671875,134.486968994141,0.7532482743263241,0.414646327495575,37.951230049133265,-39.59971618652341
1982-07-01,3.63119506835938,56.1634407043457,79.1612167358398,60.918586730957,147.951431274414,0.820812165737152,0.520249724388123,59.794635772705085,-18.2426300048828
1982-08-01,0.521301567554474,28.0792293548584,35.0496788024902,49.87467956542971,97.0567779541016,0.811921715736389,0.38555786013603205,28.600530922412872,14.82500076293951
1982-09-01,3.15686130523682,34.280994415283196,55.2564697265625,49.2993316650391,98.4672012329102,0.734250903129578,0.536695659160614,37.43785572052002,-5.957138061523402
1982-10-01,11.1210451126099,6.994146347045901,12.844930648803699,37.7092704772949,26.1332683563232,0.377668768167496,0.62347549200058,18.1151914596558,24.864339828491204
1982-11-01,5.4140510559082005,0.186427757143974,-0.512500822544098,10.1014623641968,0.26228928565979,0.0855205729603767,0.6483513712883001,5.600478813052175,10.613963186740898
1982-12-01,3.58179497718811,0.000137943716254085,-0.0750551745295525,3.0542039871215803,0.0,9.26982647797558e-06,0.645800828933716,3.581932920904364,3.1292591616511327
1983-01-01,3.0999999046325697,1.84916171264149e-08,-0.0293391682207584,2.76192855834961,0.0,4.14492973277447e-09,0.645800828933716,3.099999923124187,2.7912677265703683
1983-02-01,2.79999995231628,0.0042145247571170295,-0.0771757736802101,2.38460397720337,0.0,0.000286952708847821,0.645800828933716,2.804214477073397,2.46177975088358
1983-03-01,3.0999999046325697,0.0019033409189432898,-0.20630113780498496,2.4572925567627,0.0,6.50604050633774e-08,0.645800828933716,3.101903245551513,2.6635936945676852
1983-04-01,7.732892036437991,3.8281445503234903,4.5330867767334,5.6848263740539595,8.14023399353027,0.0997580215334892,0.6456054449081421,11.561036586761482,1.1517395973205593
1983-05-01,15.7662954330444,25.819593429565398,40.799674987793004,25.450250625610398,61.96769714355471,0.533863604068756,0.6008572578430179,41.5858888626098,-15.349424362182607
1983-06-01,7.39737510681152,65.85940551757811,109.649627685547,52.7092514038086,173.693756103516,0.7591354250907901,0.587608098983765,73.25678062438963,-56.9403762817384
1983-07-01,3.34260702133179,70.82997131347659,94.74498748779301,67.2908782958984,170.553619384766,0.8301720619201659,0.5635368824005129,74.17257833480838,-27.454109191894617
1983-08-01,0.6205283999443051,35.306755065918004,25.3303928375244,64.0651702880859,97.3614730834961,0.840247213840485,0.41130056977271995,35.92728346586231,38.734777450561495
1983-09-01,3.8545706272125204,34.756500244140604,52.402469635009794,54.651275634765604,98.0245361328125,0.746878981590271,0.571824669837952,38.61107087135312,2.2488059997558096
1983-10-01,8.6881856918335,6.89927577972412,12.553076744079599,39.7058982849121,26.5412902832031,0.371148943901062,0.6066330075263979,15.58746147155762,27.152821540832505
1983-11-01,5.39983415603638,0.314161211252213,-0.0711668953299522,25.3188877105713,1.71639537811279,0.073643833398819,0.6600149869918821,5.713995367288593,25.390054605901252
1983-12-01,3.58082151412964,2.60822775999259e-06,-0.0364668481051922,5.24022674560547,8.216907190217171e-07,3.5299510727782006e-06,0.6628711223602289,3.5808241223574,5.276693593710662
1984-01-01,3.0999999046325697,7.225895387819041e-05,-0.0222373027354479,2.8159770965576203,0.0,3.05298381135799e-05,0.662868320941925,3.100072163586448,2.838214399293068
1984-02-01,2.79999995231628,0.00634829746559262,-0.31365332007408103,2.53697919845581,0.0,9.52257978497073e-05,0.662868320941925,2.806348249781873,2.850632518529891
1984-03-01,3.0999999046325697,0.00264979433268309,-0.26454746723175,2.5568246841430695,0.0,0.00185737235005945,0.662868320941925,3.102649698965253,2.8213721513748196
1984-04-01,9.301553726196289,19.589788436889602,33.911178588867195,17.6428184509277,54.0483169555664,0.358540326356888,0.6261706948280329,28.89134216308589,-16.268360137939496
1984-05-01,6.95232343673706,36.896556854248,66.400390625,29.9991340637207,101.223564147949,0.636255204677582,0.520002245903015,43.84888029098506,-36.4012565612793
1984-06-01,4.0157938003539995,53.574245452880895,95.6160659790039,52.9195404052734,160.230270385742,0.7809743285179142,0.5256494879722601,57.59003925323489,-42.696525573730504
1984-07-01,2.3832426071167,57.4921722412109,82.5655975341797,60.742252349853494,158.430221557617,0.8306372165679928,0.46604010462760903,59.8754148483276,-21.823345184326207
1984-08-01,0.457771927118301,32.450149536132805,32.538322448730504,66.46389007568361,100.003746032715,0.8420009613037109,0.40410599112510703,32.90792146325111,33.925567626953104
1984-09-01,6.577045440673831,15.9171714782715,28.1553592681885,46.703330993652294,62.5720062255859,0.661270320415497,0.507868885993958,22.49421691894533,18.547971725463793
1984-10-01,13.8930187225342,4.32673025131226,8.63218402862549,39.981605529785206,19.1065673828125,0.33127641677856395,0.6108137965202329,18.21974897384646,31.349421501159718
1984-11-01,9.12377643585205,0.0966131538152695,-0.413733422756195,15.2731351852417,0.15083871781826,0.0317158997058868,0.634367823600769,9.22038958966732,15.686868607997894
1984-12-01,4.362056255340581,1.9594568584579998e-05,-0.030859237536787997,4.29192161560059,0.0,6.90279412083328e-05,0.635748863220215,4.362075849909165,4.322780853137378
1985-01-01,3.0999999046325697,5.49848264199682e-05,-0.0314552113413811,2.9576165676116903,0.0,3.99845412175637e-05,0.635748863220215,3.1000548894589897,2.9890717789530714
1985-02-01,2.79999995231628,0.00128428533207625,-0.0177117083221674,2.0530164241790803,0.0,0.000167146747116931,0.635748863220215,2.8012842376483564,2.0707281325012477
1985-03-01,3.0999999046325697,9.2483924163389e-06,-0.356306672096252,2.4225497245788596,0.0,2.8306971216807105e-05,0.635748863220215,3.100009153024986,2.7788563966751116
1985-04-01,14.786449432372999,11.214816093444801,19.057424545288104,10.3924217224121,30.766437530517603,0.326209992170334,0.584874451160431,26.0012655258178,-8.665002822876003
1985-05-01,7.612256526947019,40.7381629943848,82.0900955200195,32.9429092407227,128.95495605468798,0.69239068031311,0.46387216448783897,48.35041952133182,-49.147186279296804
1985-06-01,8.081409454345701,54.407562255859396,98.8178863525391,47.962329864502,154.416885375977,0.757724642753601,0.5416231751441961,62.4889717102051,-50.8555564880371
1985-07-01,1.36541974544525,37.6938133239746,56.1659736633301,47.7160987854004,125.013229370117,0.8089502453804019,0.393789261579514,39.059233069419854,-8.449874877929702
1985-08-01,5.29186820983887,52.2751274108887,81.5700988769531,61.7781639099121,141.16189575195298,0.801929891109467,0.552500784397125,57.56699562072757,-19.791934967040994
1985-09-01,12.463444709777802,28.010072708129897,46.7362403869629,49.2358207702637,81.20751953125,0.652875363826752,0.5894688367843629,40.4735174179077,2.4995803833008026
1985-10-01,9.58271217346191,4.60298776626587,9.060403823852539,28.959791183471697,19.1035480499268,0.335682362318039,0.51064270734787,14.18569993972778,19.89938735961916
1985-11-01,7.076385498046879,0.19964456558227497,-0.217039033770561,9.22113132476807,0.518140912055969,0.0751434713602066,0.615704357624054,7.276030063629155,9.438170358538631
1985-12-01,3.14291405677795,1.97964145627338e-05,-0.0234136283397675,2.9909489154815696,0.0,7.788754010107371e-05,0.6146875619888311,3.142933853192513,3.014362543821337
1986-01-01,3.0999999046325697,0.000370224268408492,-0.10588890314102199,2.9481234550476096,3.3598082094243897e-09,1.5934308095211203e-08,0.6146875619888311,3.100370128900978,3.054012358188632
1986-02-01,2.79999995231628,0.00793515983968973,-0.0453996434807777,2.26875925064087,0.0,0.00147038139402866,0.6146875619888311,2.80793511215597,2.3141588941216478
1986-03-01,3.0999999046325697,9.10339622350875e-06,-0.34864372014999395,2.4279165267944305,0.0,9.6998599019571e-07,0.6146875619888311,3.100009008028793,2.7765602469444244
1986-04-01,11.052938461303699,5.10833692550659,7.43772983551025,6.86131477355957,12.934303283691401,0.20918194949626898,0.599950551986694,16.16127538681029,-0.57641506195068
1986-05-01,6.14416694641113,37.8312377929688,75.233039855957,30.0500221252441,121.527587890625,0.6678116917610171,0.44683650135994,43.97540473937993,-45.183017730712905
1986-06-01,1.2117805480957,29.858154296875,47.60810852050779,41.7875862121582,108.537986755371,0.7784453630447391,0.39253798127174394,31.0699348449707,-5.820522308349588
1986-07-01,4.39126873016357,60.116970062255895,93.80267333984379,64.1548614501953,163.300933837891,0.817263424396515,0.559299468994141,64.50823879241946,-29.647811889648494
1986-08-01,2.77105212211609,61.6869773864746,91.33812713623051,65.01955413818361,161.410720825195,0.8184368014335629,0.512665450572968,64.4580295085907,-26.318572998046903
1986-09-01,3.4641518592834504,21.9201927185059,39.9979858398438,39.9940757751465,72.1906814575195,0.600750148296356,0.473430842161179,25.38434457778935,-0.003910064697301152
1986-10-01,14.694098472595199,5.14873695373535,10.997271537780799,40.1626091003418,23.238187789917003,0.32475408911705,0.6437060832977289,19.84283542633055,29.165337562561
1986-11-01,6.2809920310974094,0.159124538302422,-0.10201058536767998,10.6700811386108,0.730179786682129,0.0487652011215687,0.6508060097694399,6.440116569399831,10.77209172397848
1986-12-01,3.44422602653503,1.0452557944518e-05,-0.171930879354477,3.2562606334686297,2.6711031608783702e-08,8.873197657521809e-06,0.6486195921897889,3.4442364790929747,3.4281915128231066
1987-01-01,3.0999999046325697,0.00047622140846215194,-0.135182440280914,3.07156109809875,2.28756635856087e-09,1.8810814239600397e-08,0.6486195921897889,3.100476126041032,3.206743538379664
1987-02-01,2.79999995231628,0.0359890945255756,-0.262934595346451,2.7159607410430895,0.0,0.00574696715921164,0.6486195921897889,2.835989046841856,2.9788953363895407
1987-03-01,3.0999999046325697,0.0768099203705788,-0.519112646579742,2.9464528560638397,0.0,0.0267479829490185,0.6486195921897889,3.1768098250031485,3.4655655026435817
1987-04-01,9.68563938140869,19.704534530639602,32.716335296630895,18.5862884521484,51.9785957336426,0.43725773692131,0.5751115679740911,29.39017391204829,-14.130046844482496
1987-05-01,1.39258253574371,24.0069465637207,39.1238861083984,33.100105285644496,89.74720001220699,0.722000777721405,0.389483124017715,25.39952909946441,-6.023780822753906
1987-06-01,2.5951871871948198,35.194160461425795,42.6370849609375,51.9541168212891,96.8571243286133,0.765919208526611,0.442327529191971,37.78934764862061,9.317031860351598
1987-07-01,4.07660245895386,64.9396133422852,96.5733413696289,70.62037658691409,165.116455078125,0.822370946407318,0.5706244707107541,69.01621580123906,-25.952964782714815
1987-08-01,1.2150517702102699,40.1602210998535,64.5354080200195,62.4732055664062,125.644813537598,0.8125917911529541,0.45485654473304704,41.375272870063775,-2.0622024536133026
1987-09-01,4.03125762939453,32.1817665100098,47.8994636535645,65.4230270385742,89.14837646484379,0.6876491904258729,0.552537798881531,36.21302413940433,17.5235633850097
1987-10-01,8.527462959289549,5.62270021438599,9.78887939453125,42.1536903381348,21.1251659393311,0.338469058275223,0.5969139337539671,14.150163173675539,32.36481094360355
1987-11-01,4.683796405792241,0.263193070888519,-0.22287654876708998,24.761722564697298,1.46147930622101,0.0894789174199104,0.6061062812805179,4.94698947668076,24.984599113464387
1987-12-01,3.6700599193573,1.44487994475639e-05,-0.19340641796588898,7.14313077926636,1.2046352537709e-07,1.15191514851176e-05,0.5911338329315191,3.6700743681567474,7.336537197232249
1988-01-01,3.15719032287598,0.000369306624634191,-0.0125196753069758,3.4671266078948997,0.0,2.190549519554e-09,0.5910385847091669,3.1575596295006143,3.4796462832018755
1988-02-01,2.79999995231628,0.00579350814223289,-0.0451102964580059,2.435551404953,0.0,0.00159623916260898,0.5910385847091669,2.805793460458513,2.4806617014110057
1988-03-01,3.0999999046325697,0.00130871520377696,-0.26926964521408103,2.4870545864105202,0.0,3.13085947709624e-05,0.5910385847091669,3.1013086198363466,2.7563242316246015
1988-04-01,10.417829513549801,8.36960697174072,10.553257942199698,11.842999458313,17.6402473449707,0.340897023677826,0.5717531442642211,18.78743648529052,1.2897415161133026
1988-05-01,4.17922067642212,34.139724731445305,67.4693222045898,31.632631301879897,110.446899414062,0.673609733581543,0.47019129991531394,38.318945407867425,-35.836690902709904
1988-06-01,2.5083060264587402,50.7138519287109,70.8635330200195,60.469730377197294,142.930252075195,0.8165686130523678,0.49154594540596,53.22215795516964,-10.393802642822209
1988-07-01,2.4000449180602996,56.724216461181605,77.6759719848633,64.38584136962889,152.649749755859,0.8372012972831729,0.485320419073105,59.12426137924191,-13.290130615234403
1988-08-01,1.43186008930206,39.737663269043004,45.0265998840332,65.3489151000977,106.840232849121,0.8327046036720279,0.472941130399704,41.16952335834507,20.322315216064496
1988-09-01,7.68776416778564,27.3922557830811,48.060882568359396,53.22319030761721,85.2443618774414,0.653816342353821,0.580040514469147,35.08001995086674,5.1623077392578125
1988-10-01,8.300341606140138,6.950738430023191,11.513484001159698,37.73097610473629,23.7177734375,0.311424970626831,0.5741121768951422,15.25108003616333,26.217492103576596
1988-11-01,5.85633850097656,0.21208763122558602,-0.402357369661331,16.0513019561768,0.559637188911438,0.074422650039196,0.646435379981995,6.068426132202146,16.45365932583813
1988-12-01,3.7592098712921103,1.09173797682161e-05,-0.0867204442620277,4.146461486816411,0.0,1.17655099529657e-05,0.6631208062171939,3.7592207886718785,4.233181931078438
1989-01-01,3.0999999046325697,0.000635365431662649,-0.027491495013237003,3.0537750720977797,0.0,9.775846410775559e-05,0.6631208062171939,3.1006352700642323,3.0812665671110167
1989-02-01,2.79999995231628,0.00877417344599962,-0.0432203859090805,2.4961600303649902,0.0,0.0015445695025846401,0.6631208062171939,2.80877412576228,2.5393804162740707
1989-03-01,3.0999999046325697,0.00661645364016294,-0.13034361600875902,2.4792497158050497,0.0,0.0038496982306242,0.6631208062171939,3.1066163582727326,2.6095933318138087
1989-04-01,7.4335618019104,5.9871320724487305,9.07044410705566,5.73182010650635,14.9815320968628,0.141632944345474,0.6459900736808779,13.42069387435913,-3.33862400054931
1989-05-01,3.0726318359375,27.8961620330811,51.167598724365206,30.690246582031197,97.1633834838867,0.687311828136444,0.43918052315712,30.9687938690186,-20.47735214233401
1989-06-01,9.75003242492676,66.9529266357422,115.476264953613,55.252159118652294,180.011627197266,0.7745265960693359,0.5905152559280401,76.70295906066896,-60.2241058349607
1989-07-01,1.8931711912155198,49.9636039733887,59.7961959838867,62.999095916748,133.20089721679702,0.840700387954712,0.441578805446625,51.85677516460422,3.2028999328612997
1989-08-01,2.2120897769928,56.6957931518555,76.1643447875977,65.8837356567383,142.61637878418,0.833339512348175,0.515305161476135,58.907882928848295,-10.280609130859403
1989-09-01,6.15711307525635,30.9341926574707,51.4625434875488,53.9844818115234,91.5558624267578,0.6977558732032779,0.559482276439667,37.09130573272705,2.5219383239746023
1989-10-01,5.98813438415527,7.5791721343994105,13.9439096450806,36.5757598876953,27.9896965026855,0.38244068622589095,0.5162346363067629,13.56730651855468,22.631850242614696
1989-11-01,4.90181016921997,0.14508596062660198,-0.42678332328796403,13.8140649795532,0.224820822477341,0.0374110266566277,0.611916124820709,5.046896129846572,14.240848302841163
1989-12-01,3.4156665802002,4.69132100988645e-06,-0.0335295461118221,3.70541405677795,0.0,0.00010294043022440699,0.624031364917755,3.41567127152121,3.7389436028897722
1990-01-01,3.0999999046325697,0.00044090498704463206,-0.0658036172389984,2.8039886951446498,0.0,0.000164278520969674,0.624031364917755,3.1004408096196143,2.869792312383648
1990-02-01,2.79999995231628,0.0011029131710529301,-0.0323897190392017,2.03496479988098,0.0,0.00011205201008124299,0.624031364917755,2.801102865487333,2.067354518920182
1990-03-01,3.0999999046325697,7.3181145126e-06,-0.38237276673317,2.38430237770081,0.0,4.3429630750324604e-05,0.624031364917755,3.1000072227470823,2.76667514443398
1990-04-01,9.33973121643066,5.4718222618103,9.25055694580078,7.39980220794678,15.843892097473098,0.196442455053329,0.6150162220001221,14.81155347824096,-1.8507547378539995
1990-05-01,9.33808612823486,32.6021003723145,56.8668060302734,28.0529975891113,91.34337615966801,0.620646774768829,0.530249536037445,41.94018650054936,-28.813808441162102
1990-06-01,1.9829201698303203,45.4620780944824,76.8913269042969,49.6606559753418,141.926223754883,0.790030062198639,0.48371264338493297,47.44499826431272,-27.230670928955107
1990-07-01,0.7978112101554871,27.79372215271,27.475296020507802,50.9844360351562,72.0904159545898,0.7473372220993041,0.40825983881950395,28.591533362865487,23.5091400146484
1990-08-01,0.423949718475342,29.850280761718803,27.6711750030518,57.785430908203104,93.90109252929692,0.82300466299057,0.410963863134384,30.274230480194145,30.114255905151303
1990-09-01,0.5911378264427191,21.0082225799561,34.9529991149902,42.106895446777294,78.91505432128909,0.743900120258331,0.41718423366546603,21.59936040639882,7.153896331787095
1990-10-01,3.5506231784820597,4.11307716369629,7.14693880081177,26.4732933044434,16.0314311981201,0.299791425466537,0.513489067554474,7.66370034217835,19.326354503631627
1990-11-01,3.7096972465515097,0.135706827044487,-0.58296537399292,12.7835121154785,0.37781822681427,0.0590515099465847,0.586337387561798,3.8454040735959967,13.36647748947142
1990-12-01,3.1074852943420397,4.12229110224871e-06,-0.0569659136235714,3.14985084533691,0.0,0.000120053293358069,0.593567252159119,3.107489416633142,3.2068167589604815
1991-01-01,3.0999999046325697,0.000526471063494682,-0.0193029064685106,2.6782701015472403,0.0,3.61920247087255e-05,0.593567252159119,3.1005263756960644,2.697573008015751
1991-02-01,2.02665853500366,0.00882638711482286,-0.21026030182838398,2.32565402984619,0.0,0.0229606479406357,0.5935088992118841,2.0354849221184828,2.535914331674574
1991-03-01,1.91913950443268,0.000559644890017807,-0.29967275261878995,2.3984804153442405,0.0,0.0143487676978111,0.5936140418052671,1.9196991493226978,2.6981531679630306
1991-04-01,6.3382253646850595,11.6370067596436,20.6499252319336,13.6826610565186,32.9734573364258,0.34964570403099104,0.582294940948486,17.97523212432866,-6.967264175415
1991-05-01,2.52321338653564,39.420829772949205,78.0051574707031,34.9300346374512,124.739921569824,0.693978250026703,0.486877977848053,41.94404315948484,-43.075122833251896
1991-06-01,2.9827418327331503,57.4995803833008,96.38589477539058,58.334720611572294,163.871597290039,0.8033043742179871,0.5489590764045721,60.48232221603395,-38.05117416381829
1991-07-01,0.677477359771729,36.518280029296896,54.433868408203104,56.6652946472168,123.99660491943399,0.828592956066132,0.43999636173248297,37.195757389068625,2.231426239013693
1991-08-01,0.417703002691269,25.7210693359375,17.3698616027832,60.538516998290994,75.5874710083008,0.800936937332153,0.40526342391967796,26.13877233862877,43.1686553955078
1991-09-01,6.67553043365479,20.474887847900398,26.764268875122102,49.7835807800293,63.7173004150391,0.646565914154053,0.5431672930717469,27.150418281555186,23.019311904907195
1991-10-01,9.7427282333374,3.0326743125915496,6.01641035079956,27.9020690917969,13.2841968536377,0.248080670833588,0.5894847512245179,12.77540254592895,21.88565874099734
1991-11-01,5.93326616287231,0.024262398481369,-0.371862024068832,7.77779769897461,0.00182191922795027,0.00547192618250847,0.6562100648879999,5.957528561353679,8.149659723043442
1991-12-01,3.3261282444000204,5.29314729647012e-06,-0.0784004554152489,3.19765996932983,0.0,2.2744843590771803e-05,0.655595898628235,3.326133537547317,3.276060424745079
1992-01-01,3.0999999046325697,0.000152401364175603,-0.0569434463977814,2.7831459045410196,0.0,1.03161642073246e-06,0.655595898628235,3.1001523059967453,2.840089350938801
1992-02-01,2.79999995231628,0.00467429310083389,-0.136379480361938,2.36457276344299,0.0,0.000366412423318252,0.655595898628235,2.804674245417114,2.500952243804928
1992-03-01,3.0999999046325697,0.0008849462028592821,-0.407577872276306,2.50835180282593,0.0,1.05346716736676e-05,0.655595898628235,3.100884850835429,2.915929675102236
1992-04-01,10.4267416000366,3.01025128364563,2.61113023757935,6.8926796913147,5.867080211639401,0.18223764002323198,0.628217399120331,13.43699288368223,4.28154945373535
1992-05-01,6.1881890296936,36.3824577331543,76.1129379272461,26.254539489746104,118.668350219727,0.6533342003822329,0.45337122678756697,42.5706467628479,-49.858398437499986
1992-06-01,3.9651665687561,46.7181510925293,96.6704254150391,41.3450355529785,155.598922729492,0.7588577866554259,0.488551914691925,50.6833176612854,-55.325389862060604
1992-07-01,1.88861203193665,28.1629333496094,39.7182159423828,44.4383392333984,98.1182327270508,0.7820565104484559,0.429114937782288,30.05154538154605,4.720123291015604
1992-08-01,2.8490586280822794,60.4822807312012,93.84420776367192,56.2407379150391,159.82345581054702,0.8056358695030209,0.507284760475159,63.33133935928348,-37.60346984863282
1992-09-01,6.15421962738037,26.036901473999,47.5410842895508,43.9207229614258,82.5785217285156,0.62512344121933,0.543385028839111,32.191121101379366,-3.620361328125
1992-10-01,11.923790931701697,4.3831672668457005,8.763552665710451,36.3808135986328,19.0162792205811,0.298235058784485,0.61710923910141,16.3069581985474,27.61726093292235
1992-11-01,6.24613428115845,0.203059315681458,-0.647181451320648,16.9938697814941,0.34272703528404197,0.0872212648391724,0.636395871639252,6.449193596839908,17.64105123281475
1992-12-01,4.0460934638977095,2.87872207991313e-05,-0.0604693591594696,3.88325190544128,6.95098076319844e-11,0.000215401349123567,0.65065336227417,4.046122251118509,3.94372126460075
1993-01-01,3.0999999046325697,0.000995084294117987,-0.0432523153722286,2.8229351043701203,0.0,0.000103382568340749,0.65065336227417,3.1009949889266877,2.866187419742349
1993-02-01,2.79999995231628,0.0040062521584332,-0.0941906645894051,2.3352284431457497,0.0,0.000723039964213967,0.65065336227417,2.8040062044747134,2.429419107735155
1993-03-01,3.10457944869995,0.000198995738173835,-0.42614489793777505,2.5056381225585898,0.0,9.85063743428327e-05,0.650655150413513,3.1047784444381237,2.931783020496365
1993-04-01,12.599742889404302,6.94023847579956,9.586809158325199,7.90344667434692,16.415277481079098,0.333656281232834,0.601630210876465,19.53998136520386,-1.6833624839782786
1993-05-01,4.73557424545288,34.0103797912598,67.6465911865234,28.5888328552246,108.951591491699,0.6682141423225401,0.47190219163894703,38.74595403671268,-39.0577583312988
1993-06-01,1.2770247459411599,27.319372177124,52.847599029540994,38.1643867492676,108.474784851074,0.756111979484558,0.423111438751221,28.596396923065157,-14.683212280273395
1993-07-01,11.494010925292999,60.602596282959006,99.3988189697266,65.3021926879883,162.51980590820298,0.7898044586181641,0.62941575050354,72.09660720825201,-34.09662628173831
1993-08-01,6.06969690322876,59.171947479248,84.8478164672852,69.95810699462889,149.633590698242,0.8211370706558231,0.6026840806007391,65.24164438247675,-14.889709472656307
1993-09-01,12.4604597091675,28.834913253784197,50.83650207519529,48.974151611328104,86.49502563476558,0.676966428756714,0.616066873073578,41.295372962951696,-1.8623504638671875
1993-10-01,14.5906524658203,4.57858800888062,7.124742984771731,31.418518066406197,15.251304626464801,0.30744564533233604,0.611051976680756,19.16924047470092,24.293775081634465
1993-11-01,6.4702458381652805,0.0814341455698013,-0.66648930311203,12.811840057372999,0.0246672127395868,0.051059290766715996,0.627125918865204,6.551679983735082,13.478329360485029
1993-12-01,3.78439736366272,0.00032254558755084905,-0.0982948541641235,3.87840795516968,6.267256225100941e-08,0.00019896418962162,0.6377221345901489,3.784719909250271,3.9767028093338035
1994-01-01,3.0999999046325697,0.00016571501328144198,-0.00905053690075874,2.86599659919739,0.0,5.2402738219825605e-05,0.6377221345901489,3.100165619645851,2.8750471360981487
1994-02-01,2.79999995231628,0.0006128183449618519,-0.008956822566688059,1.9650590419769298,0.0,0.000155909976456314,0.6377221345901489,2.800612770661242,1.9740158645436179
1994-03-01,3.5864062309265097,0.00995082221925259,-0.48131963610649103,2.4619293212890603,0.0,0.00933356769382954,0.6377571225166321,3.5963570531457623,2.9432489573955514
1994-04-01,12.9062042236328,8.3311071395874,12.3134613037109,9.24636936187744,20.4887065887451,0.306600749492645,0.602401912212372,21.2373113632202,-3.0670919418334606
1994-05-01,5.24992561340332,33.320987701416,67.51837158203121,27.909696578979503,108.025039672852,0.651042878627777,0.444566994905472,38.57091331481932,-39.6086750030517
1994-06-01,2.12918305397034,44.4919357299805,83.22265625,46.3990821838379,146.976470947266,0.7915042042732242,0.457821011543274,46.621118783950834,-36.8235740661621
1994-07-01,5.027685165405269,58.93840026855471,93.9199981689453,64.1330490112305,162.997375488281,0.819428324699402,0.569298565387726,63.966085433959975,-29.7869491577148
1994-08-01,2.48533701896667,52.6446113586426,78.5547866821289,57.3021087646484,143.886291503906,0.816226243972778,0.42368018627166704,55.12994837760927,-21.252677917480504
1994-09-01,4.2411818504333505,37.086944580078104,58.5847053527832,56.134029388427706,107.608123779297,0.761493682861328,0.540494322776794,41.32812643051145,-2.450675964355497
1994-10-01,11.8989868164062,8.7595739364624,15.339385986328098,41.672943115234396,31.426733016967802,0.40277752280235296,0.6277977228164671,20.658560752868603,26.3335571289063
1994-11-01,10.469505310058599,0.31119784712791404,-0.4423500895500179,20.0257320404053,1.13939213752747,0.0947582572698593,0.660141825675964,10.780703157186514,20.468082129955317
1994-12-01,4.87097692489624,4.13138477597386e-05,-0.15225274860858898,4.02365970611572,2.72555962510523e-06,0.000266431481577456,0.6497798562049871,4.871018238744,4.175912454724309
1995-01-01,3.0999999046325697,0.00039948191260918997,-0.0428570732474327,3.0306715965271,0.0,0.000210185651667416,0.6497798562049871,3.100399386545179,3.0735286697745328
1995-02-01,2.79999995231628,0.0102894175797701,-0.0785157009959221,2.58561897277832,0.0,0.00182416720781475,0.6497798562049871,2.8102893698960503,2.664134673774242
1995-03-01,3.0999999046325697,0.0251818522810936,-0.38841372728347795,2.67766237258911,0.0,0.0115893771871924,0.6497798562049871,3.1251817569136633,3.066076099872588
1995-04-01,3.65523099899292,0.0143578415736556,-0.6033480167388922,2.53787589073181,0.0,0.0439643040299416,0.6493486762046811,3.6695888405665755,3.1412239074707022
1995-05-01,13.6864624023438,32.185031890869105,65.9600372314453,22.026672363281197,103.022743225098,0.593848168849945,0.478278517723083,45.871494293212905,-43.933364868164105
1995-06-01,1.9550129175186202,40.916229248046896,52.4730567932129,50.1996192932129,119.649955749512,0.8014844655990601,0.42879834771156294,42.87124216556552,-2.2734375
1995-07-01,1.6691497564315803,46.151782989502,66.1957321166992,56.800685882568395,136.704788208008,0.825435042381287,0.453998595476151,47.82093274593358,-9.39504623413081
1995-08-01,2.7105538845062296,49.938316345214794,65.0718154907227,67.1745223999023,130.263168334961,0.829807162284851,0.5474025011062621,52.64887022972103,2.1027069091796022
1995-09-01,5.78233194351196,37.2814292907715,59.783084869384794,62.8912239074707,107.28713226318399,0.7440568804740909,0.6050546169281011,43.06376123428346,3.108139038085909
1995-10-01,5.79496765136719,9.588276863098141,15.7405309677124,40.921501159668004,32.008056640625,0.39079532027244607,0.531718313694,15.383244514465332,25.180970191955602
1995-11-01,4.74032306671143,0.0865392163395882,-0.627383887767792,17.645954132080103,0.0656419023871422,0.0270623676478863,0.596654415130615,4.826862283051018,18.273338019847895
1995-12-01,3.5423827171325697,0.000134244008222595,-0.0683502927422523,4.46174812316895,0.0,0.00010604815906845,0.5933181643486021,3.5425169611407923,4.530098415911202
1996-01-01,3.0999999046325697,0.000201754985027947,-0.0037908093072474,2.9892110824585,0.0,4.93520674353931e-05,0.5933181643486021,3.1002016596175976,2.9930018917657475
1996-02-01,2.79999995231628,0.0024456405080854897,-0.0522446781396866,2.17377042770386,0.0,0.000634276948403567,0.5933181643486021,2.8024455928243657,2.2260151058435467
1996-03-01,3.0999999046325697,3.86798592444393e-06,-0.082372784614563,2.15665006637573,0.0,1.2477161703827698e-07,0.5933181643486021,3.100003772618494,2.239022850990293
1996-04-01,6.867003917694089,1.01023817062378,0.346694529056549,4.00226163864136,2.0939557552337598,0.0784477442502975,0.6004758477211,7.877242088317869,3.655567109584811
1996-05-01,14.4580583572388,30.39306640625,53.4997138977051,24.8782043457031,81.0151901245117,0.56803160905838,0.5937255620956421,44.8511247634888,-28.621509552002
1996-06-01,4.52711582183838,55.610530853271506,94.1762847900391,51.03483581542971,159.166900634766,0.7867946028709408,0.5093142390251161,60.137646675109885,-43.141448974609396
1996-07-01,2.83572673797607,63.5264358520508,94.1733779907227,65.16677856445311,166.802337646484,0.8280129432678219,0.536922514438629,66.36216259002687,-29.006599426269588
1996-08-01,1.18945753574371,47.7976608276367,66.00644683837889,63.8009185791016,134.67941284179702,0.829024374485016,0.47096797823905895,48.98711836338041,-2.205528259277294
1996-09-01,2.1645827293396,24.060523986816396,39.582057952880895,46.7874946594238,81.3912811279297,0.6985352635383609,0.45540675520896895,26.225106716155995,7.205436706542905
1996-10-01,14.934809684753402,3.54149317741394,6.45731115341187,32.4297943115234,14.6228132247925,0.301653683185577,0.6408469676971441,18.47630286216734,25.972483158111533
1996-11-01,5.56555461883545,0.0979552119970322,-0.415267020463943,7.3363175392150906,0.13203313946723902,0.0356929562985897,0.585487604141235,5.663509830832482,7.751584559679033
1996-12-01,3.23338437080383,0.00045910949120297995,-0.038140170276165,2.9808776378631605,0.0,8.2564030890353e-05,0.584583640098572,3.233843480295033,3.0190178081393255
1997-01-01,3.0999999046325697,0.00012451947259251,-0.0288486201316118,2.7023913860321005,0.0,3.38603149430128e-06,0.584583640098572,3.100124424105162,2.7312400061637123
1997-02-01,2.79999995231628,0.0031066385563463,-0.0638826265931129,2.11578440666199,0.0,0.00102640606928617,0.584583640098572,2.8031065908726265,2.179667033255103
1997-03-01,3.0999999046325697,4.6114605538605204e-06,-0.16091609001159698,2.21832656860352,0.0,2.17036117078351e-07,0.584583640098572,3.1000045160931236,2.379242658615117
1997-04-01,7.546884059906009,3.1588928699493395,3.64793872833252,4.84703874588013,6.62748146057129,0.0986120700836182,0.591840088367462,10.705776929855348,1.1991000175476096
1997-05-01,11.102296829223599,32.758083343505895,57.6801147460938,24.581218719482397,87.71725463867192,0.5980595350265501,0.514135122299194,43.86038017272949,-33.0988960266114
1997-06-01,2.61954784393311,44.672645568847706,79.4584274291992,48.34638977050779,145.423385620117,0.7866080999374391,0.465839296579361,47.29219341278082,-31.112037658691413
1997-07-01,1.6411075592041,53.9470405578613,77.5440139770508,63.5379867553711,152.955612182617,0.8331491351127621,0.48188614845275896,55.5881481170654,-14.006027221679695
1997-08-01,0.6233720779418951,28.3103046417236,24.466909408569304,55.9859733581543,84.956184387207,0.7988978028297421,0.403204202651978,28.933676719665495,31.519063949584993
1997-09-01,7.21487855911255,33.6122360229492,53.0974044799805,61.613399505615206,97.5612030029297,0.714674532413483,0.6261166334152221,40.827114582061746,8.515995025634709
1997-10-01,12.8634834289551,5.88400650024414,9.30638408660889,35.5872840881348,20.8896484375,0.33104172348976096,0.613827049732208,18.74748992919924,26.28090000152591
1997-11-01,9.3586483001709,0.119695052504539,-0.618563115596771,8.61814975738525,0.24451559782028198,0.0760642513632774,0.6633870005607599,9.47834335267544,9.236712872982022
1997-12-01,3.14887833595276,0.00075365585507825,-0.376134425401688,3.46701383590698,1.56614223669749e-05,0.000576931925024837,0.669473767280579,3.1496319918078384,3.8431482613086683
1998-01-01,1.79999995231628,0.000572552205994725,-0.0132968882098794,2.72807812690735,0.0,0.000160727213369682,0.667298495769501,1.8005725045222747,2.7413750151172294
1998-02-01,2.79999995231628,0.0301937162876129,-0.38637986779213,2.5872924327850297,0.0,0.0087341470643878,0.667298495769501,2.830193668603893,2.9736723005771597
1998-03-01,3.0999999046325697,0.0259020756930113,-0.44779059290885903,2.64716362953186,0.0,0.0367971807718277,0.667298495769501,3.125901980325581,3.0949542224407187
1998-04-01,13.671323776245101,15.680225372314501,31.9996147155762,15.2062091827393,53.030155181884794,0.4391969740390779,0.529647707939148,29.351549148559602,-16.7934055328369
1998-05-01,7.9541316032409695,43.621761322021506,87.0789337158203,35.022781372070305,138.137100219727,0.703848659992218,0.486816853284836,51.57589292526247,-52.05615234374999
1998-06-01,2.61692881584167,43.454185485839794,86.8191680908203,44.21687316894529,144.18103027343798,0.7695675492286679,0.463820666074753,46.07111430168146,-42.60229492187501
1998-07-01,1.76201558113098,46.72709655761721,58.2511215209961,60.231315612793,125.08960723876999,0.80869472026825,0.467897355556488,48.48911213874819,1.9801940917968963
1998-08-01,0.7088531255722049,39.182441711425795,45.8985481262207,68.0720901489258,119.45714569091801,0.8388909101486209,0.44669297337532,39.891294836998,22.173542022705092
1998-09-01,1.54770505428314,35.9326934814453,54.5251960754395,55.758415222168,107.52356719970699,0.7706356644630429,0.47509741783142106,37.48039853572844,1.2332191467284943
1998-10-01,9.91853427886963,7.39990377426147,13.7086429595947,40.9179801940918,27.700050354003896,0.37456336617469804,0.5903767347335821,17.3184380531311,27.2093372344971
1998-11-01,6.73229312896729,0.364670276641846,-0.123779192566872,21.4549350738525,1.6572836637496902,0.0991964116692543,0.6177414059638979,7.096963405609135,21.57871426641937
1998-12-01,4.58324480056763,2.46266117756022e-05,-0.0964335650205612,4.7314958572387695,0.0,0.0002239758905489,0.620198726654053,4.583269427179405,4.827929422259331
1999-01-01,3.0999999046325697,0.000315198936732486,-0.0446547791361809,3.08532309532166,0.0,9.03300242498517e-05,0.620198726654053,3.100315103569302,3.129977874457841
1999-02-01,2.79999995231628,0.0120687177404761,-0.18066099286079398,2.5038828849792503,0.0,0.0040932293049991105,0.620198726654053,2.8120686700567563,2.6845438778400443
1999-03-01,3.0999999046325697,0.00652325665578246,-0.5667887926101679,2.70840716362,0.0,0.00777385104447603,0.620198726654053,3.106523161288352,3.275195956230168
1999-04-01,12.5419445037842,16.9821605682373,29.6846942901611,16.7657604217529,47.264331817627,0.43481251597404497,0.5879696607589721,29.5241050720215,-12.9189338684082
1999-05-01,5.34912443161011,33.557975769043004,74.4388046264648,36.612232208252,119.40210723876999,0.7097949385643009,0.48175898194313,38.90710020065311,-37.8265724182128
1999-06-01,7.13976240158081,53.480377197265604,97.4082412719727,52.564205169677706,156.55989074707,0.782553791999817,0.5355375409126281,60.620139598846414,-44.84403610229499
1999-07-01,6.4603376388549805,71.50299072265621,104.688056945801,68.461555480957,175.842391967773,0.8203880190849301,0.575458526611328,77.96332836151119,-36.22650146484399
1999-08-01,1.0345139503479002,39.09641647338871,58.9421882629395,64.1497268676758,123.713760375977,0.825581610202789,0.426383465528488,40.13093042373661,5.207538604736293
1999-09-01,4.7525739669799805,28.183824539184602,46.9733276367188,56.971343994140604,84.4968032836914,0.650712490081787,0.530204713344574,32.93639850616458,9.998016357421804
1999-10-01,8.79325485229492,4.3910636901855495,8.829833984375,41.8704223632812,19.274587631225604,0.30828717350959806,0.6202335357666021,13.184318542480469,33.0405883789062
1999-11-01,8.19232749938965,0.47347983717918396,-0.10155586153268802,31.8623390197754,2.5628721714019798,0.0998524874448776,0.649145185947418,8.665807336568834,31.96389488130809
1999-12-01,4.92635726928711,0.000258583284448832,-0.298949003219604,10.6342802047729,7.88088618719485e-06,0.00036161535535939,0.6192830204963679,4.926615852571559,10.933229207992504
2000-01-01,2.7429838180542006,0.0009020316647365689,-0.026172885671258,3.44886231422424,0.0,0.000162239986821078,0.627500355243683,2.743885849718937,3.475035199895498
2000-02-01,2.79999995231628,0.0134475966915488,-0.20866692066192602,2.63139200210571,0.0,0.00427837669849396,0.627500355243683,2.813447549007829,2.8400589227676356
2000-03-01,6.362647533416751,1.39960026741028,1.14340591430664,4.76634216308594,3.2410917282104506,0.128988891839981,0.647417426109314,7.762247800827031,3.6229362487793004
2000-04-01,8.87862968444824,8.92514324188232,14.3090925216675,11.556903839111301,24.3568058013916,0.38201862573623707,0.555686414241791,17.80377292633056,-2.7521886825561985
2000-05-01,4.82722568511963,37.58058547973629,73.8744277954102,30.633903503418,113.75804901123001,0.670272707939148,0.49733278155326793,42.40781116485592,-43.2405242919922
2000-06-01,5.6240496635437,47.2368316650391,95.29476928710942,50.5043716430664,148.346298217773,0.7587933540344242,0.599220931529999,52.8608813285828,-44.79039764404302
2000-07-01,5.76672649383545,69.1090621948242,104.183364868164,66.40267944335939,175.718200683594,0.817898154258728,0.574887037277222,74.87578868865965,-37.780685424804616
2000-08-01,1.11487150192261,46.38200378417971,69.5026397705078,67.88623046875,137.440139770508,0.8321973085403441,0.449782997369766,47.496875286102316,-1.6164093017577983
2000-09-01,4.15747976303101,29.3564338684082,51.865020751953104,56.0851516723633,92.3157272338867,0.704802572727203,0.532629728317261,33.51391363143921,4.220130920410199
2000-10-01,12.251817703247099,5.99076318740845,11.653273582458501,48.6652717590332,25.1758689880371,0.35211071372032204,0.635734736919403,18.24258089065555,37.0119981765747
2000-11-01,8.91452503204346,0.33633643388748197,0.0769660696387291,21.525611877441396,1.5937700271606399,0.0711308792233467,0.650990009307861,9.250861465930942,21.448645807802666
2000-12-01,4.2157707214355495,2.0223948013153896e-05,-0.0203869435936213,4.40882015228271,0.0,0.00013830141688231398,0.646121978759766,4.215790945383563,4.429207095876332
2001-01-01,3.0999999046325697,0.0010566171258688,-0.17955750226974498,3.18224596977234,0.0,0.000133341556647792,0.646121978759766,3.1010565217584385,3.361803472042085
2001-02-01,2.79999995231628,0.0039710896089673,-0.0433875024318695,2.27923583984375,0.0,0.000949463865254074,0.646121978759766,2.8039710419252475,2.3226233422756195
2001-03-01,3.0999999046325697,5.44327440366033e-06,-0.28200361132621804,2.32748413085938,0.0,3.83604347007349e-05,0.646121978759766,3.1000053479069734,2.609487742185598
2001-04-01,13.427827835083,9.21842193603516,12.9082565307617,11.8868942260742,21.6552352905273,0.310639142990112,0.612980484962463,22.64624977111816,-1.0213623046875
2001-05-01,8.64429569244385,48.8131332397461,91.65076446533199,38.958656311035206,142.022369384766,0.7010720372200009,0.5442325472831729,57.45742893218995,-52.69210815429678
2001-06-01,5.06164264678955,58.4900588989258,104.919448852539,52.4367523193359,166.443984985352,0.781296849250793,0.546902298927307,63.55170154571535,-52.482696533203104
2001-07-01,2.7449877262115496,65.0145416259766,98.88534545898442,64.65609741210939,173.196807861328,0.82889062166214,0.541792094707489,67.75952935218815,-34.22924804687503
2001-08-01,1.47965741157532,57.5993881225586,78.09901428222659,67.9234466552734,152.841598510742,0.83514416217804,0.49511602520942705,59.07904553413392,-10.175567626953196
2001-09-01,0.7840726971626278,25.3135795593262,44.801719665527294,43.9790382385254,93.2266387939453,0.756154656410217,0.4192551076412199,26.09765225648883,-0.8226814270018963
2001-10-01,2.7025563716888397,8.22525215148926,13.237510681152301,27.144395828247102,26.6406097412109,0.37273687124252297,0.47631490230560297,10.927808523178099,13.906885147094801
2001-11-01,6.04501914978027,0.27326038479805,-0.7784184217453,23.2702121734619,1.3087317943573,0.0824104174971581,0.6447572112083441,6.31827953457832,24.0486305952072
2001-12-01,4.11933994293213,2.98730246868217e-05,-0.21068058907985698,5.85602140426636,4.4189647496750705e-07,0.00023002564557827998,0.6395806074142459,4.119369815956817,6.066701993346217
2002-01-01,3.13430523872375,0.000255052378633991,-0.0838358402252197,2.92606973648071,0.0,0.000125297432532534,0.639327883720398,3.134560291102384,3.0099055767059295
2002-02-01,2.79999995231628,0.0097232423722744,-0.211120843887329,2.60909795761108,0.0,0.00405374309048057,0.639327883720398,2.8097231946885546,2.820218801498409
2002-03-01,3.0999999046325697,0.009870231151580809,-0.132129326462746,2.6510229110717796,0.0,0.0142908226698637,0.639327883720398,3.1098701357841505,2.7831522375345257
2002-04-01,7.6513776779174805,1.9510623216629,2.01363682746887,5.53466939926147,5.062182426452639,0.160143479704857,0.641206622123718,9.60243999958038,3.5210325717926003
2002-05-01,10.0585641860962,24.629276275634798,42.116752624511705,22.098077774047898,65.89377593994139,0.5560468435287479,0.5363144874572751,34.687840461731,-20.018674850463807
2002-06-01,3.08094120025635,50.603431701660206,93.2731552124023,50.721794128418,157.98391723632798,0.7783311605453491,0.519609153270721,53.684372901916554,-42.551361083984304
2002-07-01,1.6720917224884,43.849571228027294,51.631038665771506,63.654148101806605,123.575721740723,0.813739836215973,0.46969506144523604,45.5216629505157,12.0231094360351
2002-08-01,3.02793908119202,46.768306732177706,72.2092208862305,68.6021575927734,137.14111328125,0.824560642242432,0.5732640624046329,49.79624581336972,-3.6070632934571023
2002-09-01,2.47189426422119,31.494348526001,46.837310791015604,56.9726715087891,90.8921661376953,0.7131278514862059,0.481031239032745,33.96624279022219,10.135360717773494
2002-10-01,5.750799179077151,2.7883679866790803,4.52914714813232,26.826663970947298,11.4568586349487,0.230515956878662,0.548620939254761,8.539167165756231,22.297516822814977
2002-11-01,4.42873525619507,0.0501140989363194,-0.688254714012146,5.3291921615600595,0.033460721373557996,0.0232524517923594,0.5879393219947809,4.4788493551313895,6.0174468755722055
2002-12-01,3.47876071929932,1.5512327081523802e-05,-0.27062943577766396,3.91129517555237,2.9396906242595803e-08,0.00029349717078730497,0.589308798313141,3.4787762316264015,4.181924611330034
2003-01-01,2.8310110569000204,0.000287753413431346,-0.0554922856390476,2.95023155212402,0.0,0.00022101642389316098,0.589160978794098,2.8312988103134518,3.0057238377630675
2003-02-01,2.79999995231628,0.00174048193730414,-0.0160555802285671,2.26349592208862,0.0,0.00044731149682775096,0.589160978794098,2.8017404342535843,2.279551502317187
2003-03-01,3.0999999046325697,1.5875442841206698e-05,-0.196953043341637,2.25648260116577,0.0,0.000101749792520422,0.589160978794098,3.100015780075411,2.4534356445074073
2003-04-01,6.52198696136475,10.569162368774402,16.7280807495117,10.9848985671997,26.979955673217802,0.302119970321655,0.558052659034729,17.091149330139153,-5.743182182312001
2003-05-01,1.9645969867706299,26.4166469573975,46.6070899963379,30.885135650634798,90.0946807861328,0.665488302707672,0.42877277731895397,28.38124394416813,-15.7219543457031
2003-06-01,2.75490808486938,55.3532104492188,101.289848327637,56.813018798828104,171.445617675781,0.801034867763519,0.5383363962173461,58.10811853408818,-44.4768295288089
2003-07-01,1.9467084407806399,49.2927360534668,69.067497253418,61.223297119140604,142.546966552734,0.8105702996253971,0.49044227600097706,51.23944449424744,-7.8442001342773935
2003-08-01,0.656684756278992,43.0571823120117,47.9773368835449,68.39642333984379,120.802406311035,0.8445968031883241,0.44308990240096996,43.71386706829069,20.419086456298892
2003-09-01,10.673651695251499,23.3694248199463,37.1497344970703,56.2328948974609,77.8542022705078,0.690142691135406,0.606579601764679,34.0430765151978,19.083160400390604
2003-10-01,14.8556785583496,6.17283296585083,11.325437545776401,40.9210433959961,25.718013763427702,0.357771247625351,0.601700961589813,21.028511524200432,29.595605850219698
2003-11-01,10.0399599075317,0.197686746716499,-0.591483652591705,13.4228096008301,0.41969582438468894,0.0636114329099655,0.6555678844451899,10.237646654248199,14.014293253421805
2003-12-01,4.454198837280269,7.528916466981171e-05,-0.207541719079018,3.5488739013671897,0.0,0.000316669989842921,0.648072183132172,4.454274126444939,3.756415620446208
2004-01-01,3.0999999046325697,0.000203553223400377,-0.0118569750338793,2.71401309967041,0.0,0.00011861476377816899,0.648072183132172,3.10020345785597,2.7258700747042894
2004-02-01,2.79999995231628,0.00294560333713889,-0.110938273370266,2.37183427810669,0.0,0.000290959229459986,0.648072183132172,2.802945555653419,2.482772551476956
2004-03-01,3.0999999046325697,0.00148263724986464,-0.297931969165802,2.55122709274292,0.0,8.603234891779721e-05,0.648072183132172,3.1014825418824343,2.849159061908722
2004-04-01,12.6590728759766,6.76975393295288,10.4132452011108,8.20287227630615,17.8300628662109,0.25547221302986106,0.603454351425171,19.42882680892948,-2.21037292480465
2004-05-01,11.7931652069092,24.7566032409668,44.4904289245605,24.937303543090803,69.2736053466797,0.5808423161506651,0.502629637718201,36.549768447876,-19.553125381469695
2004-06-01,11.9364881515503,54.093990325927706,102.281768798828,52.27278137207029,159.32369995117202,0.7491161227226261,0.619254171848297,66.030478477478,-50.008987426757706
2004-07-01,5.86344146728516,66.32822418212889,101.913467407227,61.0768966674805,175.903350830078,0.811139523983002,0.491635531187057,72.19166564941405,-40.836570739746506
2004-08-01,2.04344463348389,42.7610206604004,77.4324493408203,52.0387496948242,135.514541625977,0.7954762578010559,0.463524639606476,44.804465293884284,-25.3936996459961
2004-09-01,12.0338878631592,22.541179656982397,35.529224395752,64.960090637207,70.6430892944336,0.596401274204254,0.625036895275116,34.575067520141594,29.430866241455
2004-10-01,15.033609390258801,4.03064060211182,8.24355983734131,44.6944694519043,20.212938308715803,0.33703643083572404,0.612708330154419,19.06424999237062,36.45090961456299
2004-11-01,10.156221389770499,0.230426743626595,-0.8561886548995971,27.0678272247314,0.7497171759605409,0.08033237606287,0.629731357097626,10.386648133397093,27.924015879630996
2004-12-01,4.17657327651978,2.5262526833103e-05,-0.041582066565751995,5.50276756286621,0.0,0.000160393334226683,0.613700866699219,4.176598539046613,5.544349629431962
2005-01-01,3.0999999046325697,0.000248298834776506,-0.0194682460278273,3.01664805412292,0.0,9.0081048256252e-05,0.6136799454689029,3.100248203467346,3.036116300150747
2005-02-01,2.79999995231628,0.00510604679584503,-0.10212319344282199,2.2951412200927703,0.0,0.000788281264249235,0.6136799454689029,2.805105999112125,2.3972644135355923
2005-03-01,3.0999999046325697,5.21243464390864e-06,-0.23589701950550102,2.29361486434937,0.0,5.851213913388161e-08,0.6136799454689029,3.1000051170672136,2.5295118838548714
2005-04-01,8.73538112640381,17.306226730346697,31.1012535095215,15.657901763916,49.402339935302706,0.36330571770668,0.5472780466079711,26.04160785675051,-15.443351745605499
2005-05-01,5.9050464630127,32.46142578125,67.99676513671879,30.887716293335,106.594482421875,0.6385268568992609,0.465771973133087,38.3664722442627,-37.10904884338379
2005-06-01,10.1169462203979,51.3376274108887,94.9432525634766,63.3402214050293,152.888427734375,0.7859249711036679,0.6503849029541021,61.4545736312866,-31.60303115844731
2005-07-01,5.20516443252563,74.0486373901367,105.10848236084,69.19717407226561,179.84094238281202,0.8301058411598209,0.547528266906738,79.25380182266234,-35.91130828857439
2005-08-01,3.2262222766876203,52.632453918457,80.7978973388672,66.650993347168,147.4716796875,0.819238185882568,0.511343061923981,55.858676195144625,-14.146903991699205
2005-09-01,10.5927391052246,32.9131546020508,51.37544250488279,61.2307929992676,94.1383285522461,0.706851184368134,0.604601860046387,43.505893707275405,9.855350494384808
2005-10-01,18.074533462524396,6.06872892379761,11.1776609420776,41.0410652160645,24.524755477905302,0.37081137299537703,0.631807506084442,24.143262386322007,29.8634042739869
2005-11-01,9.96540260314941,0.373498946428299,-0.0467692911624908,22.3281764984131,2.23129510879517,0.0844922885298729,0.650307297706604,10.33890154957771,22.37494578957559
2005-12-01,5.11851930618286,1.7548440155223903e-05,-0.154888018965721,4.0550041198730495,1.47004730610689e-09,0.000268967036390677,0.6437448263168329,5.118536854623016,4.209892138838771
2006-01-01,3.0999999046325697,0.000718957220669836,-0.26314187049865695,3.2230339050293,1.0192841015666e-10,0.000194796244613826,0.6437448263168329,3.1007188618532395,3.4861757755279568
2006-02-01,2.79999995231628,0.0133716585114598,-0.0825347527861595,2.68784070014954,0.0,0.0025111013092100603,0.6437448263168329,2.81337161082774,2.7703754529356996
2006-03-01,3.0999999046325697,0.09153870493173599,-0.47267138957977295,2.9411461353302,0.0,0.031510591506958,0.6437448263168329,3.1915386095643057,3.413817524909973
2006-04-01,13.963871955871598,18.752996444702102,32.908767700195305,17.3218097686768,53.095829010009794,0.501144111156464,0.52671492099762,32.7168684005737,-15.586957931518505
2006-05-01,5.49721908569336,34.2336654663086,69.9495086669922,33.226837158203104,111.312759399414,0.6962988972663879,0.449502825737,39.73088455200196,-36.7226715087891
2006-06-01,4.021436214447021,58.8727340698242,101.512657165527,58.8962516784668,168.787414550781,0.8023754358291629,0.541236698627472,62.89417028427122,-42.616405487060206
2006-07-01,1.9547135829925502,64.41305541992189,99.1127777099609,69.5380020141602,178.97590637207,0.8344692587852479,0.49884483218193104,66.36776900291444,-29.574775695800696
2006-08-01,0.696968555450439,41.8252067565918,62.8022651672363,69.6780242919922,131.941909790039,0.829743683338165,0.444770395755768,42.522175312042236,6.875759124755902
2006-09-01,1.6533538103103602,27.804430007934602,46.5476417541504,59.9587554931641,91.51842498779301,0.706462860107422,0.477615088224411,29.457783818244963,13.4111137390137
2006-10-01,12.084136962890598,5.23456478118896,9.225287437438961,46.5961723327637,20.893684387207,0.31341156363487205,0.632913291454315,17.318701744079558,37.370884895324735
2006-11-01,7.57737398147583,0.092810146510601,-0.676556825637817,20.3203945159912,0.10782830417156199,0.0295059084892273,0.635114073753357,7.670184127986431,20.996951341629018
2006-12-01,5.87368440628052,2.50284319918137e-05,-0.195076182484627,5.23931741714478,1.3567203893671802e-07,0.000256328727118671,0.664146184921265,5.873709434712512,5.434393599629407
2007-01-01,3.0999999046325697,0.000158588823978789,-0.07276555150747299,3.46228861808777,0.0,0.000189793805475347,0.664146184921265,3.1001584934565485,3.535054169595243
2007-02-01,2.79999995231628,0.00419114949181676,-0.0204183533787727,2.47004103660583,0.0,0.0012021706206724,0.664146184921265,2.804191101808097,2.490459389984603
2007-03-01,3.0999999046325697,0.00163047306705266,-0.389541894197464,2.48260092735291,0.0,0.00021942425519228,0.664146184921265,3.1016303776996224,2.872142821550374
2007-04-01,10.897804260253901,6.72822618484497,9.47609233856201,7.54026985168457,15.987964630127001,0.184819430112839,0.630491077899933,17.62603044509887,-1.9358224868774396
2007-05-01,5.43391466140747,33.2794342041016,74.7040710449219,32.0756034851074,116.852394104004,0.6911826133728031,0.489929884672165,38.71334886550907,-42.6284675598145
2007-06-01,3.61747193336487,54.6716728210449,103.73899078369101,54.278839111328104,168.62956237793,0.7894421815872191,0.530234277248383,58.28914475440977,-49.460151672362905
2007-07-01,3.30936503410339,66.89707183837889,99.0760650634766,69.63308715820311,177.371276855469,0.832583248615265,0.530716359615326,70.20643687248229,-29.442977905273494
2007-08-01,1.6014069318771398,42.7623748779297,57.157161712646506,64.7005157470703,123.326591491699,0.824518501758575,0.482948333024979,44.36378180980684,7.543354034423793
2007-09-01,2.3320693969726602,23.6797981262207,43.4146881103516,42.005443572998,79.2000427246094,0.6562103033065799,0.46469676494598405,26.01186752319336,-1.409244537353601
2007-10-01,14.9303293228149,5.34384679794312,11.011661529541,43.53047180175779,24.5536327362061,0.347305983304977,0.648701012134552,20.27417612075802,32.51881027221679
2007-11-01,6.54777336120605,0.17817629873752602,-0.593032896518707,19.055965423584002,0.820796966552734,0.0515588410198689,0.5945141911506651,6.725949659943576,19.64899832010271
2007-12-01,3.5299408435821498,8.52310677146306e-06,-0.0481382831931114,3.67687582969666,0.0,0.000149822182720527,0.5864163041114809,3.5299493666889212,3.7250141128897716
2008-01-01,3.0999999046325697,0.000417851842939854,-0.0447944663465023,2.86448526382446,0.0,0.000104772152553778,0.5864163041114809,3.1004177564755095,2.909279730170962
2008-02-01,2.79999995231628,0.0020113750360906102,-0.0246453080326319,2.13815379142761,0.0,0.000649761001113802,0.5864163041114809,2.802011327352371,2.162799099460242
2008-03-01,3.0999999046325697,3.7311165215214697e-06,-0.19561129808425895,2.22767186164856,0.0,4.04488764615962e-06,0.5864163041114809,3.100003635749091,2.423283159732819
2008-04-01,7.275097846984861,6.207815647125241,8.24583053588867,7.6218400001525906,14.2897367477417,0.192532598972321,0.563095152378082,13.4829134941101,-0.6239905357360795
2008-05-01,13.2423267364502,36.9583129882812,70.7320175170898,27.5556144714355,107.81198883056601,0.608785569667816,0.534998536109924,50.2006397247314,-43.1764030456543
2008-06-01,3.0998165607452406,44.8227424621582,86.6301040649414,47.3241119384766,150.478530883789,0.773243963718414,0.482016980648041,47.92255902290344,-39.30599212646481
2008-07-01,2.22924375534058,52.4995460510254,88.0475387573242,62.5065803527832,158.209609985352,0.8227164745330809,0.525020778179169,54.72878980636598,-25.540958404541
2008-08-01,1.06537437438965,41.523265838623,59.2459106445312,66.5829391479492,129.451156616211,0.8332366347312931,0.47563418745994607,42.588640213012646,7.337028503418004
2008-09-01,5.63583612442017,27.395923614502,45.316097259521506,52.6163101196289,83.6985397338867,0.6458447575569151,0.560348570346832,33.03175973892217,7.3002128601073935
2008-10-01,11.9135236740112,4.62214517593384,8.33456325531006,40.23695755004879,20.806705474853498,0.342462837696075,0.6402992010116579,16.53566884994504,31.902394294738734
2008-11-01,8.23086357116699,0.26339054107666,-0.48768368363380393,17.204326629638697,1.38743627071381,0.074209563434124,0.6374839544296259,8.49425411224365,17.6920103132725
2008-12-01,3.8510589599609397,2.41653924604179e-05,-0.0822952911257744,3.37901926040649,1.3746802096648e-06,0.000194373918930069,0.634717226028442,3.8510831253534,3.4613145515322645
2009-01-01,3.0999999046325697,0.000462971453089267,-0.0385901629924774,2.74380016326904,0.0,0.00011779918713728,0.634717226028442,3.100462876085659,2.7823903262615173
2009-02-01,2.79999995231628,0.00364179839380085,-0.0332055576145649,2.1826536655426003,0.0,0.0011982744326815,0.634717226028442,2.803641750710081,2.215859223157165
2009-03-01,3.0999999046325697,3.1573551950714297e-06,-0.14256158471107502,2.1938416957855202,0.0,2.2872494810144397e-05,0.634717226028442,3.1000030619877648,2.336403280496595
2009-04-01,12.8073577880859,5.239545345306401,5.27344131469727,6.78114128112793,9.940056800842289,0.22428897023201,0.6180351972579959,18.046903133392302,1.5076999664306596
2009-05-01,5.72765588760376,24.5921840667725,45.884586334228494,21.8900833129883,74.0164031982422,0.5999725461006159,0.439042538404465,30.31983995437626,-23.994503021240195
2009-06-01,5.83873748779297,56.604866027832,101.34017944335899,48.5903663635254,161.363510131836,0.7464596629142758,0.5378704071044921,62.44360351562497,-52.749813079833594
2009-07-01,1.8030421733856201,45.51176452636721,77.6526870727539,52.7157402038574,149.220474243164,0.807024121284485,0.462321013212204,47.31480669975283,-24.936946868896506
2009-08-01,2.61034607887268,50.575653076171896,81.07200622558591,64.49679565429689,144.815673828125,0.8129962682724,0.568457841873169,53.18599915504458,-16.57521057128902
2009-09-01,0.5646108984947199,27.5799026489258,32.9115982055664,55.2615737915039,86.5577239990234,0.791307926177979,0.41528722643852206,28.14451354742052,22.3499755859375
2009-10-01,10.8867082595825,4.915868759155269,7.37166547775269,35.206504821777294,17.2265968322754,0.297898799180984,0.6464763879776,15.802577018737768,27.834839344024605
2009-11-01,8.68828678131104,0.235945522785187,-1.26451802253723,26.841476440429698,0.9026034474372859,0.0650687664747238,0.6589160561561579,8.924232304096227,28.10599446296693
2009-12-01,3.95902824401855,2.4015787857933898e-05,-0.0933192819356918,7.003292083740231,1.94661015484598e-06,0.000225568437599577,0.640737533569336,3.9590522598064077,7.096611365675923
2010-01-01,3.0999999046325697,1.9448723378445703e-06,-0.13326579332351698,2.9701774120330797,0.0,0.00017229773220606102,0.640481412410736,3.1000018495049075,3.1034432053565966
2010-02-01,2.79999995231628,0.00692676892504096,-0.062456551939249004,2.38858556747437,0.0,0.00286253890953958,0.640481412410736,2.806926721241321,2.451042119413619
2010-03-01,6.43332290649414,0.157048106193542,-0.798809051513672,3.07909083366394,0.328172653913498,0.0556692332029343,0.634269058704376,6.590371012687681,3.877899885177612
2010-04-01,13.5972185134888,18.8460865020752,32.3162040710449,21.703519821167003,52.1778717041016,0.525473117828369,0.5530359745025629,32.443305015564,-10.612684249877898
2010-05-01,7.12927055358887,31.3958034515381,63.0475082397461,31.7665367126465,100.772117614746,0.654918909072876,0.480350494384766,38.52507400512697,-31.280971527099602
2010-06-01,5.068885803222661,55.7076263427734,100.52749633789101,56.551212310790994,163.93229675293,0.7868912816047672,0.555752515792847,60.776512145996065,-43.976284027100014
2010-07-01,3.23164486885071,62.7201538085938,96.7490921020508,70.6369171142578,168.650039672852,0.8286844491958621,0.5866187810897829,65.95179867744451,-26.112174987792997
2010-08-01,1.2775955200195301,46.87675476074221,72.59820556640621,73.2289505004883,138.02462768554702,0.8276296257972721,0.514586746692657,48.15435028076174,0.6307449340820881
2010-09-01,7.24669408798218,26.753131866455103,51.3814811706543,63.189334869384794,92.2056350708008,0.7028784155845639,0.621267795562744,33.999825954437284,11.807853698730497
2010-10-01,11.9787073135376,6.869805812835691,11.5774993896484,56.311553955078104,28.7294521331787,0.361599147319794,0.615035533905029,18.84851312637329,44.7340545654297
2010-11-01,10.1571779251099,0.28883713483810397,-0.6279944181442261,27.2935390472412,1.30521261692047,0.0869314298033714,0.656131446361542,10.446015059948005,27.921533465385426
2010-12-01,4.50449562072754,2.0287803636165302e-05,-0.0756862536072731,5.37500190734863,0.0,0.000239626751863398,0.641019105911255,4.504515908531176,5.450688160955903
2011-01-01,3.0999999046325697,0.00030445380252786,-0.06118791922926901,3.29202699661255,5.11549524961907e-10,0.000150641746586189,0.641019105911255,3.1003043584350976,3.353214915841819
2011-02-01,2.79999995231628,0.00378709612414241,-0.0563779771327972,2.3873484134674103,0.0,0.0011707248631864801,0.641019105911255,2.8037870484404226,2.4437263906002076
2011-03-01,3.0999999046325697,6.60886216792278e-05,-0.13092140853405002,2.23002481460571,0.0,7.52920968807302e-05,0.641019105911255,3.100065993254249,2.3609462231397598
2011-04-01,13.8145265579224,3.40858697891235,3.7486026287078897,6.071209907531741,7.90264368057251,0.189786016941071,0.619912385940552,17.223113536834752,2.322607278823851
2011-05-01,8.81761169433594,38.008026123046896,74.39552307128909,28.196773529052702,114.28434753418001,0.6477577686309809,0.48050394654274003,46.825637817382834,-46.198749542236385
2011-06-01,2.89541721343994,51.131553649902294,95.5279922485352,51.3594093322754,161.252685546875,0.78468132019043,0.48249951004982,54.026970863342235,-44.1685829162598
2011-07-01,0.8534779548645021,43.2433738708496,57.60514831542971,60.020233154296896,133.106460571289,0.8277850151062008,0.444003760814667,44.096851825714104,2.4150848388671875
2011-08-01,1.5159841775894198,55.4349975585938,84.7555236816406,70.3276290893555,157.511734008789,0.83382523059845,0.5391080975532531,56.950981736183216,-14.4278945922851
2011-09-01,1.32034230232239,30.8804740905762,50.704345703125,55.6504058837891,103.238540649414,0.798190951347351,0.494011044502258,32.20081639289859,4.946060180664098
2011-10-01,6.895092964172361,10.496048927307099,17.3790988922119,45.3330001831055,38.1677017211914,0.46653544902801497,0.609305918216705,17.39114189147946,27.953901290893597
2011-11-01,4.29518127441406,0.305662840604782,-0.41697829961776706,14.6012935638428,1.41878545284271,0.0989308282732964,0.5840861201286321,4.600844115018842,15.018271863460567
2011-12-01,3.63231587409973,3.1050723919179304e-05,-0.34549435973167403,3.61579823493958,8.94729419087525e-06,0.000372935843188316,0.5756180286407471,3.6323469248236493,3.9612925946712543
